{
  "gate": "G4 \u2014 Dobson vs Mironov dielectric diagnostic",
  "spec_reference": "SPEC.md \u00a76, \u00a711 Diagnostic C",
  "m_v_range": [
    0.25,
    0.83
  ],
  "peat_theta_sat": 0.88,
  "n_samples": 501,
  "epsilon_clamp_min": 1.01,
  "binding_threshold_relative": 0.05,
  "binding": true,
  "max_relative_diff": 0.9760517868861515,
  "max_absolute_diff": 62.81930422782898,
  "m_v_at_max_relative_diff": 0.83,
  "m_v_at_max_absolute_diff": 0.83,
  "n_mironov_below_clamp": 271,
  "samples": {
    "m_v": [
      0.25,
      0.2732,
      0.2964,
      0.3196,
      0.3428,
      0.366,
      0.3892,
      0.4124,
      0.4356,
      0.4588,
      0.482,
      0.5052,
      0.5284,
      0.5516,
      0.5748,
      0.598,
      0.6212,
      0.6444,
      0.6676,
      0.6908,
      0.714,
      0.7372,
      0.7604,
      0.7836,
      0.8068,
      0.83
    ],
    "epsilon_dobson_clamped": [
      14.8434,
      16.344,
      17.8965,
      19.4984,
      21.1475,
      22.842,
      24.5799,
      26.3598,
      28.1803,
      30.0399,
      31.9376,
      33.8722,
      35.8426,
      37.848,
      39.8874,
      41.96,
      44.065,
      46.2017,
      48.3694,
      50.5674,
      52.7952,
      55.0521,
      57.3376,
      59.6512,
      61.9924,
      64.3606
    ],
    "epsilon_mironov_clamped": [
      1.01,
      1.01,
      1.01,
      1.01,
      1.01,
      1.01,
      1.01,
      1.01,
      1.01,
      1.01,
      1.01,
      1.01,
      1.01,
      1.01,
      1.029,
      1.0713,
      1.1144,
      1.1585,
      1.2033,
      1.2491,
      1.2956,
      1.3431,
      1.3914,
      1.4405,
      1.4905,
      1.5413
    ],
    "epsilon_dobson_raw": [
      14.8434,
      16.344,
      17.8965,
      19.4984,
      21.1475,
      22.842,
      24.5799,
      26.3598,
      28.1803,
      30.0399,
      31.9376,
      33.8722,
      35.8426,
      37.848,
      39.8874,
      41.96,
      44.065,
      46.2017,
      48.3694,
      50.5674,
      52.7952,
      55.0521,
      57.3376,
      59.6512,
      61.9924,
      64.3606
    ],
    "epsilon_mironov_raw": [
      0.4449,
      0.4899,
      0.5371,
      0.5865,
      0.638,
      0.6865,
      0.7211,
      0.7566,
      0.793,
      0.8302,
      0.8682,
      0.9071,
      0.9469,
      0.9875,
      1.029,
      1.0713,
      1.1144,
      1.1585,
      1.2033,
      1.2491,
      1.2956,
      1.3431,
      1.3914,
      1.4405,
      1.4905,
      1.5413
    ],
    "abs_diff_clamped": [
      13.8334,
      15.334,
      16.8865,
      18.4884,
      20.1375,
      21.832,
      23.5699,
      25.3498,
      27.1703,
      29.0299,
      30.9276,
      32.8622,
      34.8326,
      36.838,
      38.8584,
      40.8887,
      42.9505,
      45.0432,
      47.166,
      49.3184,
      51.4996,
      53.7091,
      55.9463,
      58.2107,
      60.5019,
      62.8193
    ],
    "relative_diff_clamped": [
      0.931956,
      0.938204,
      0.943564,
      0.948201,
      0.95224,
      0.955783,
      0.95891,
      0.961684,
      0.964159,
      0.966378,
      0.968376,
      0.970182,
      0.971821,
      0.973314,
      0.974204,
      0.974469,
      0.974709,
      0.974926,
      0.975122,
      0.975299,
      0.975459,
      0.975604,
      0.975734,
      0.975851,
      0.975957,
      0.976052
    ]
  },
  "pass": true,
  "generated_at": "2026-04-18T10:58:48.020961+00:00"
}